Store_ID,City,Sales,Profit,Customers,Orders,Avg_Order_Value,Return_Rate
S001,Indore,850000,150000,4200,2800,303.57,4.2 
S002,Bhopal,620000,95000,3500,2300,269.57,5.1 
S003,Mumbai,1500000,320000,8500,5100,294.12,3.0 
S004,Pune,420000,45000,2100,1400,300.00,8.5 
S005,Delhi,1800000,400000,9200,6000,300.00,2.5 
S006,Jaipur,550000,75000,3000,1900,289.47,6.5 
S007,Ahmedabad,1100000,210000,6200,4000,275.00,3.8 
S008,Surat,480000,60000,2700,1700,282.35,7.2 
S009,Nagpur,720000,110000,3900,2500,288.00,5.0 
S010,Bengaluru,1650000,350000,8800,5600,294.64,2.8 
S011,Hyderabad,1400000,290000,7600,4900,285.71,3.2 
S012,Chennai,1300000,260000,7000,4500,288.89,3.5 
S013,Kolkata,680000,100000,3600,2200,309.09,5.5 
S014,Lucknow,510000,70000,2800,1800,283.33,6.8 
S015,Kanpur,390000,35000,1900,1200,325.00,9.1 
S016,Patna,450000,50000,2300,1450,310.34,8.0 
S017,Bhubaneswar,750000,120000,4000,2600,288.46,4.9 
S018,Coimbatore,900000,165000,4800,3100,290.32,4.0 
S019,Nashik,580000,85000,3200,2000,290.00,6.0 
S020,Vadodara,800000,135000,4300,2750,290.91,4.5  